,sentiment,weekday,hour,weekday_hour
42,1,0,0,0_0
80,1,0,0,0_0
101,1,0,0,0_0
20,1,0,0,0_0
7,1,0,0,0_0
23,2,0,0,0_0
60,2,0,0,0_0
19,1,0,0,0_0
30,1,0,0,0_0
128,1,0,0,0_0
29,1,0,0,0_0
1,2,0,0,0_0
36,2,0,0,0_0
32,2,0,0,0_0
54,1,0,0,0_0
13,2,0,0,0_0
65,2,0,0,0_0
40,1,0,0,0_0
72,1,0,0,0_0
8,1,0,1,0_1
31,2,0,3,0_3
60,2,0,6,0_6
7,2,0,7,0_7
76,2,0,7,0_7
100,2,0,7,0_7
18,2,0,7,0_7
62,2,0,7,0_7
124,2,0,7,0_7
30,2,0,7,0_7
66,2,0,7,0_7
55,2,0,7,0_7
13,2,0,7,0_7
5,2,0,7,0_7
11,2,0,7,0_7
40,2,0,7,0_7
180,1,0,8,0_8
86,2,0,8,0_8
104,1,0,8,0_8
27,2,0,8,0_8
88,2,0,8,0_8
187,1,0,8,0_8
101,1,0,8,0_8
128,1,0,8,0_8
3,1,0,8,0_8
17,1,0,8,0_8
82,2,0,8,0_8
28,2,0,8,0_8
31,1,0,8,0_8
49,1,0,8,0_8
46,2,0,8,0_8
95,1,0,8,0_8
154,1,0,8,0_8
148,1,0,8,0_8
127,1,0,8,0_8
24,2,0,8,0_8
37,1,0,8,0_8
43,2,0,8,0_8
35,1,0,9,0_9
189,2,0,9,0_9
119,2,0,9,0_9
44,2,0,9,0_9
99,1,0,9,0_9
2,1,0,9,0_9
108,2,0,9,0_9
55,1,0,9,0_9
70,1,0,9,0_9
23,1,0,9,0_9
66,1,0,9,0_9
48,1,0,9,0_9
15,1,0,9,0_9
48,1,0,9,0_9
69,1,0,9,0_9
13,1,0,9,0_9
35,1,0,9,0_9
40,1,0,9,0_9
32,1,0,9,0_9
31,2,0,9,0_9
309,1,0,9,0_9
4,2,0,9,0_9
26,1,0,9,0_9
40,1,0,9,0_9
2,1,0,9,0_9
113,1,0,9,0_9
106,1,0,9,0_9
101,1,0,9,0_9
81,1,0,9,0_9
242,1,0,9,0_9
17,2,0,9,0_9
2,1,0,9,0_9
86,1,0,9,0_9
80,1,0,9,0_9
70,2,0,9,0_9
5,1,0,9,0_9
249,1,0,9,0_9
78,1,0,9,0_9
32,1,0,10,0_10
63,1,0,10,0_10
128,2,0,10,0_10
168,2,0,10,0_10
79,1,0,10,0_10
277,2,0,10,0_10
132,2,0,10,0_10
128,1,0,10,0_10
28,1,0,10,0_10
63,1,0,10,0_10
88,2,0,10,0_10
78,0,0,10,0_10
5,2,0,10,0_10
86,1,0,10,0_10
161,0,0,10,0_10
165,1,0,10,0_10
39,2,0,10,0_10
27,2,0,10,0_10
2,2,0,11,0_11
5,1,0,11,0_11
113,1,0,11,0_11
32,2,0,11,0_11
39,1,0,11,0_11
160,1,0,11,0_11
166,1,0,11,0_11
156,2,0,11,0_11
39,1,0,12,0_12
160,1,0,12,0_12
42,2,0,12,0_12
129,1,0,12,0_12
115,2,0,12,0_12
159,1,0,12,0_12
61,2,0,12,0_12
155,1,0,12,0_12
62,2,0,12,0_12
129,2,0,12,0_12
66,2,0,12,0_12
152,2,0,12,0_12
146,2,0,12,0_12
77,2,0,12,0_12
50,2,0,12,0_12
44,2,0,12,0_12
187,1,0,12,0_12
39,2,0,12,0_12
63,2,0,12,0_12
100,1,0,12,0_12
55,2,0,12,0_12
190,1,0,12,0_12
69,1,0,12,0_12
143,1,0,12,0_12
205,1,0,12,0_12
28,1,0,13,0_13
170,1,0,13,0_13
127,1,0,13,0_13
32,1,0,13,0_13
72,1,0,13,0_13
30,1,0,13,0_13
17,2,0,13,0_13
19,1,0,13,0_13
47,2,0,13,0_13
41,1,0,13,0_13
101,2,0,13,0_13
97,2,0,13,0_13
154,1,0,13,0_13
60,1,0,13,0_13
55,2,0,13,0_13
193,2,0,13,0_13
41,1,0,13,0_13
130,1,0,13,0_13
58,2,0,13,0_13
203,1,0,13,0_13
22,1,0,13,0_13
3,1,0,13,0_13
47,1,0,13,0_13
33,1,0,13,0_13
100,1,0,13,0_13
23,1,0,13,0_13
49,2,0,13,0_13
28,2,0,13,0_13
81,1,0,13,0_13
49,1,0,13,0_13
0,2,0,13,0_13
107,1,0,14,0_14
84,1,0,14,0_14
80,2,0,14,0_14
149,1,0,14,0_14
107,2,0,14,0_14
54,2,0,14,0_14
95,1,0,14,0_14
70,1,0,14,0_14
18,1,0,14,0_14
146,2,0,14,0_14
51,2,0,14,0_14
77,1,0,14,0_14
97,2,0,14,0_14
95,2,0,14,0_14
11,1,0,14,0_14
94,1,0,15,0_15
127,1,0,15,0_15
101,2,0,15,0_15
185,1,0,15,0_15
22,2,0,15,0_15
12,2,0,15,0_15
29,1,0,15,0_15
100,1,0,15,0_15
122,1,0,15,0_15
3,2,0,15,0_15
223,1,0,15,0_15
107,1,0,15,0_15
12,2,0,15,0_15
208,1,0,15,0_15
48,2,0,15,0_15
113,2,0,15,0_15
38,2,0,15,0_15
50,0,0,15,0_15
104,2,0,15,0_15
114,2,0,16,0_16
80,1,0,16,0_16
80,1,0,16,0_16
146,1,0,16,0_16
66,1,0,16,0_16
205,1,0,16,0_16
29,1,0,16,0_16
32,1,0,16,0_16
120,1,0,16,0_16
21,2,0,16,0_16
192,0,0,16,0_16
112,2,0,16,0_16
215,2,0,16,0_16
29,1,0,16,0_16
30,1,0,16,0_16
181,2,0,16,0_16
120,2,0,16,0_16
159,2,0,16,0_16
113,1,0,16,0_16
17,2,0,16,0_16
155,1,0,16,0_16
193,1,0,16,0_16
84,1,0,16,0_16
152,1,0,16,0_16
158,1,0,16,0_16
112,1,0,16,0_16
24,1,0,16,0_16
97,1,0,16,0_16
153,2,0,16,0_16
106,1,0,16,0_16
7,1,0,16,0_16
20,2,0,16,0_16
4,2,0,16,0_16
36,1,0,16,0_16
187,2,0,16,0_16
112,2,0,17,0_17
153,0,0,17,0_17
18,2,0,17,0_17
20,2,0,17,0_17
63,1,0,17,0_17
83,1,0,17,0_17
97,1,0,17,0_17
25,1,0,17,0_17
101,1,0,17,0_17
2,1,0,17,0_17
50,2,0,17,0_17
88,1,0,17,0_17
194,2,0,17,0_17
181,1,0,17,0_17
25,1,0,17,0_17
187,1,0,17,0_17
148,2,0,17,0_17
15,1,0,17,0_17
207,2,0,17,0_17
130,1,0,17,0_17
15,2,0,17,0_17
186,1,0,17,0_17
158,1,0,17,0_17
30,2,0,17,0_17
127,1,0,17,0_17
101,1,0,17,0_17
9,1,0,17,0_17
99,1,0,17,0_17
168,1,0,17,0_17
63,1,0,17,0_17
283,1,0,17,0_17
251,1,0,17,0_17
198,1,0,18,0_18
162,1,0,18,0_18
148,2,0,18,0_18
207,1,0,18,0_18
132,1,0,18,0_18
115,1,0,18,0_18
162,1,0,18,0_18
182,1,0,18,0_18
187,1,0,18,0_18
82,1,0,18,0_18
13,2,0,18,0_18
144,1,0,18,0_18
94,1,0,18,0_18
162,1,0,18,0_18
243,1,0,18,0_18
88,2,0,18,0_18
150,1,0,18,0_18
95,1,0,18,0_18
43,1,0,18,0_18
96,1,0,18,0_18
100,1,0,18,0_18
86,1,0,18,0_18
10,2,0,18,0_18
17,1,0,18,0_18
153,2,0,18,0_18
125,1,0,18,0_18
191,1,0,18,0_18
122,2,0,18,0_18
10,1,0,18,0_18
47,1,0,18,0_18
160,2,0,18,0_18
42,2,0,18,0_18
135,1,0,18,0_18
156,2,0,18,0_18
52,1,0,18,0_18
103,1,0,18,0_18
155,1,0,18,0_18
8,1,0,18,0_18
77,2,0,18,0_18
168,1,0,18,0_18
180,1,0,18,0_18
107,2,0,19,0_19
35,1,0,19,0_19
118,1,0,19,0_19
205,1,0,19,0_19
197,1,0,19,0_19
10,0,0,19,0_19
87,1,0,19,0_19
127,1,0,19,0_19
169,1,0,19,0_19
66,1,0,19,0_19
35,2,0,19,0_19
122,1,0,19,0_19
180,1,0,19,0_19
31,1,0,19,0_19
150,1,0,19,0_19
134,2,0,19,0_19
192,1,0,19,0_19
147,0,0,19,0_19
155,2,0,19,0_19
148,1,0,19,0_19
189,1,0,19,0_19
119,2,0,19,0_19
10,1,0,19,0_19
2,1,0,19,0_19
32,1,0,19,0_19
48,1,0,19,0_19
88,1,0,19,0_19
1,2,0,19,0_19
150,2,0,19,0_19
38,2,0,19,0_19
123,0,0,19,0_19
15,1,0,19,0_19
215,1,0,19,0_19
169,1,0,19,0_19
208,2,0,19,0_19
51,1,0,19,0_19
132,1,0,19,0_19
123,2,0,20,0_20
106,1,0,20,0_20
81,1,0,20,0_20
130,1,0,20,0_20
20,2,0,20,0_20
40,1,0,20,0_20
28,1,0,20,0_20
234,1,0,20,0_20
39,1,0,20,0_20
63,1,0,20,0_20
163,1,0,20,0_20
104,2,0,20,0_20
106,1,0,20,0_20
186,2,0,20,0_20
24,2,0,20,0_20
42,1,0,20,0_20
8,1,0,20,0_20
159,2,0,20,0_20
38,1,0,20,0_20
82,1,0,20,0_20
203,1,0,20,0_20
29,2,0,20,0_20
178,2,0,21,0_21
131,2,0,21,0_21
168,2,0,21,0_21
173,2,0,21,0_21
16,2,0,21,0_21
144,2,0,21,0_21
22,2,0,21,0_21
67,0,0,21,0_21
22,2,0,21,0_21
96,2,0,21,0_21
159,1,0,21,0_21
63,2,0,21,0_21
72,2,0,21,0_21
134,0,0,21,0_21
186,2,0,21,0_21
55,1,0,21,0_21
124,1,0,21,0_21
182,1,0,21,0_21
72,2,0,21,0_21
47,2,0,21,0_21
233,1,0,21,0_21
165,2,0,21,0_21
50,1,0,21,0_21
151,2,0,21,0_21
27,1,0,21,0_21
54,1,0,21,0_21
29,2,0,21,0_21
128,2,0,22,0_22
52,1,0,22,0_22
151,2,0,22,0_22
210,2,0,22,0_22
54,1,0,22,0_22
200,1,0,22,0_22
134,1,0,22,0_22
263,1,0,22,0_22
6,2,0,22,0_22
37,1,0,22,0_22
133,2,0,22,0_22
78,1,0,22,0_22
55,2,0,22,0_22
47,1,0,22,0_22
162,2,0,23,0_23
99,0,0,23,0_23
154,1,0,23,0_23
51,2,0,23,0_23
55,2,0,23,0_23
59,2,0,23,0_23
61,2,0,23,0_23
63,2,0,23,0_23
66,2,0,23,0_23
189,1,0,23,0_23
67,2,0,23,0_23
11,0,0,23,0_23
6,2,0,23,0_23
112,2,0,23,0_23
67,2,0,23,0_23
18,2,0,23,0_23
34,2,0,23,0_23
268,1,0,23,0_23
70,1,0,23,0_23
20,1,0,23,0_23
161,2,0,23,0_23
3,2,0,23,0_23
48,1,1,0,1_0
51,1,1,0,1_0
31,1,1,0,1_0
106,1,1,0,1_0
35,1,1,0,1_0
51,2,1,0,1_0
113,1,1,0,1_0
124,0,1,0,1_0
54,2,1,0,1_0
153,0,1,0,1_0
242,2,1,0,1_0
17,1,1,1,1_1
27,2,1,1,1_1
33,2,1,3,1_3
2,2,1,3,1_3
24,1,1,5,1_5
50,1,1,6,1_6
20,1,1,6,1_6
3,1,1,6,1_6
5,1,1,6,1_6
1,2,1,6,1_6
49,2,1,6,1_6
9,1,1,6,1_6
66,2,1,7,1_7
2,1,1,7,1_7
12,2,1,7,1_7
51,2,1,7,1_7
43,1,1,7,1_7
67,2,1,7,1_7
3,2,1,7,1_7
77,2,1,7,1_7
30,1,1,7,1_7
97,2,1,7,1_7
27,1,1,7,1_7
17,2,1,7,1_7
52,2,1,7,1_7
42,2,1,7,1_7
134,2,1,7,1_7
45,2,1,7,1_7
49,1,1,8,1_8
19,1,1,8,1_8
28,2,1,8,1_8
71,1,1,8,1_8
87,1,1,8,1_8
122,1,1,8,1_8
127,1,1,8,1_8
194,2,1,8,1_8
198,1,1,8,1_8
80,1,1,8,1_8
43,2,1,8,1_8
21,1,1,8,1_8
160,1,1,8,1_8
133,1,1,8,1_8
118,1,1,8,1_8
153,1,1,8,1_8
72,1,1,8,1_8
2,2,1,8,1_8
135,1,1,8,1_8
167,2,1,8,1_8
52,1,1,8,1_8
146,1,1,8,1_8
113,1,1,8,1_8
43,1,1,9,1_9
11,1,1,9,1_9
62,1,1,9,1_9
101,1,1,9,1_9
16,1,1,9,1_9
155,1,1,9,1_9
9,1,1,9,1_9
88,1,1,9,1_9
85,1,1,9,1_9
21,2,1,9,1_9
87,1,1,9,1_9
112,1,1,9,1_9
37,2,1,9,1_9
152,1,1,9,1_9
52,1,1,9,1_9
3,1,1,9,1_9
37,1,1,9,1_9
59,1,1,9,1_9
30,2,1,9,1_9
77,1,1,9,1_9
65,1,1,9,1_9
61,1,1,9,1_9
39,1,1,9,1_9
12,1,1,9,1_9
63,1,1,9,1_9
99,1,1,9,1_9
72,1,1,9,1_9
39,1,1,10,1_10
226,1,1,10,1_10
22,1,1,10,1_10
35,2,1,10,1_10
0,1,1,10,1_10
203,1,1,10,1_10
22,1,1,10,1_10
46,1,1,10,1_10
95,2,1,10,1_10
80,1,1,11,1_11
27,1,1,11,1_11
168,2,1,11,1_11
11,1,1,11,1_11
34,2,1,11,1_11
85,1,1,11,1_11
19,1,1,11,1_11
21,1,1,11,1_11
156,1,1,11,1_11
51,2,1,11,1_11
28,0,1,11,1_11
65,1,1,11,1_11
159,2,1,11,1_11
9,2,1,11,1_11
97,2,1,12,1_12
67,1,1,12,1_12
158,1,1,12,1_12
113,2,1,12,1_12
106,1,1,12,1_12
44,2,1,12,1_12
213,1,1,12,1_12
224,1,1,12,1_12
16,2,1,12,1_12
186,1,1,12,1_12
22,1,1,12,1_12
180,1,1,12,1_12
170,1,1,12,1_12
87,1,1,12,1_12
144,1,1,12,1_12
170,2,1,12,1_12
47,1,1,13,1_13
134,2,1,13,1_13
1,1,1,13,1_13
84,2,1,13,1_13
78,1,1,13,1_13
44,1,1,13,1_13
49,1,1,13,1_13
36,2,1,13,1_13
44,1,1,13,1_13
19,1,1,13,1_13
34,1,1,13,1_13
43,2,1,13,1_13
81,1,1,13,1_13
51,2,1,13,1_13
16,1,1,13,1_13
42,1,1,13,1_13
156,1,1,13,1_13
28,1,1,13,1_13
38,1,1,13,1_13
114,1,1,13,1_13
144,1,1,13,1_13
2,1,1,13,1_13
41,1,1,13,1_13
118,1,1,13,1_13
159,1,1,13,1_13
50,1,1,13,1_13
190,1,1,13,1_13
180,1,1,13,1_13
0,1,1,14,1_14
16,1,1,14,1_14
124,0,1,14,1_14
162,2,1,14,1_14
184,1,1,14,1_14
7,2,1,14,1_14
96,2,1,14,1_14
9,2,1,14,1_14
122,0,1,14,1_14
47,1,1,14,1_14
31,0,1,14,1_14
24,2,1,14,1_14
144,0,1,14,1_14
37,1,1,14,1_14
20,1,1,14,1_14
107,2,1,14,1_14
41,1,1,14,1_14
30,1,1,14,1_14
132,1,1,14,1_14
19,1,1,15,1_15
7,2,1,15,1_15
165,2,1,15,1_15
216,2,1,15,1_15
132,0,1,15,1_15
131,0,1,15,1_15
70,2,1,15,1_15
67,2,1,15,1_15
63,2,1,15,1_15
55,1,1,15,1_15
83,0,1,15,1_15
79,0,1,15,1_15
104,2,1,15,1_15
49,1,1,15,1_15
101,1,1,15,1_15
120,1,1,15,1_15
58,2,1,15,1_15
97,1,1,15,1_15
29,2,1,15,1_15
97,1,1,15,1_15
60,2,1,15,1_15
112,1,1,15,1_15
148,1,1,15,1_15
135,2,1,15,1_15
97,1,1,16,1_16
97,0,1,16,1_16
12,1,1,16,1_16
72,2,1,16,1_16
159,2,1,16,1_16
6,2,1,16,1_16
146,1,1,16,1_16
47,2,1,16,1_16
101,1,1,16,1_16
153,2,1,16,1_16
155,1,1,16,1_16
16,1,1,16,1_16
88,2,1,16,1_16
173,1,1,16,1_16
148,2,1,16,1_16
3,1,1,16,1_16
167,1,1,16,1_16
11,1,1,16,1_16
6,2,1,16,1_16
165,1,1,17,1_17
44,1,1,17,1_17
24,2,1,17,1_17
85,1,1,17,1_17
133,1,1,17,1_17
76,1,1,17,1_17
44,2,1,17,1_17
115,1,1,17,1_17
9,1,1,17,1_17
52,1,1,17,1_17
77,1,1,17,1_17
72,1,1,17,1_17
50,2,1,17,1_17
104,1,1,17,1_17
8,1,1,17,1_17
7,1,1,17,1_17
209,2,1,17,1_17
157,1,1,17,1_17
165,1,1,17,1_17
113,1,1,17,1_17
62,1,1,17,1_17
24,1,1,17,1_17
9,2,1,17,1_17
67,1,1,17,1_17
71,1,1,17,1_17
123,1,1,17,1_17
21,1,1,17,1_17
161,1,1,17,1_17
195,2,1,18,1_18
133,1,1,18,1_18
107,1,1,18,1_18
105,1,1,18,1_18
103,1,1,18,1_18
187,1,1,18,1_18
82,1,1,18,1_18
63,1,1,18,1_18
168,1,1,18,1_18
179,2,1,18,1_18
77,1,1,18,1_18
160,2,1,18,1_18
94,1,1,18,1_18
206,1,1,18,1_18
148,1,1,18,1_18
157,1,1,18,1_18
6,1,1,18,1_18
173,1,1,18,1_18
52,1,1,18,1_18
152,1,1,18,1_18
129,1,1,18,1_18
13,1,1,18,1_18
160,1,1,18,1_18
159,2,1,18,1_18
79,1,1,18,1_18
197,2,1,18,1_18
195,1,1,18,1_18
144,1,1,18,1_18
54,1,1,18,1_18
152,1,1,18,1_18
38,2,1,18,1_18
189,2,1,18,1_18
46,0,1,18,1_18
193,1,1,18,1_18
45,1,1,18,1_18
52,1,1,18,1_18
70,1,1,18,1_18
128,1,1,18,1_18
146,1,1,18,1_18
122,1,1,18,1_18
118,1,1,18,1_18
199,1,1,18,1_18
133,1,1,18,1_18
72,1,1,18,1_18
112,1,1,18,1_18
208,1,1,18,1_18
150,2,1,18,1_18
154,1,1,18,1_18
76,2,1,18,1_18
173,1,1,18,1_18
162,2,1,18,1_18
123,1,1,18,1_18
130,1,1,18,1_18
181,1,1,18,1_18
24,1,1,19,1_19
120,2,1,19,1_19
72,1,1,19,1_19
15,2,1,19,1_19
46,1,1,19,1_19
3,1,1,19,1_19
13,1,1,19,1_19
21,1,1,19,1_19
143,2,1,19,1_19
80,1,1,19,1_19
54,1,1,19,1_19
114,0,1,19,1_19
168,1,1,19,1_19
199,2,1,19,1_19
146,1,1,19,1_19
199,1,1,19,1_19
58,1,1,19,1_19
38,1,1,19,1_19
27,1,1,19,1_19
8,1,1,19,1_19
99,0,1,19,1_19
45,1,1,19,1_19
35,1,1,19,1_19
30,1,1,19,1_19
7,1,1,19,1_19
67,1,1,19,1_19
105,2,1,19,1_19
82,1,1,19,1_19
79,1,1,19,1_19
173,2,1,19,1_19
29,1,1,19,1_19
132,1,1,19,1_19
95,1,1,19,1_19
163,1,1,19,1_19
173,1,1,20,1_20
15,1,1,20,1_20
213,1,1,20,1_20
3,2,1,20,1_20
78,1,1,20,1_20
104,2,1,20,1_20
70,1,1,20,1_20
131,1,1,20,1_20
143,2,1,20,1_20
60,1,1,20,1_20
61,1,1,20,1_20
113,1,1,20,1_20
78,1,1,20,1_20
17,1,1,20,1_20
153,2,1,20,1_20
163,2,1,20,1_20
76,2,1,20,1_20
5,1,1,20,1_20
28,2,1,20,1_20
22,1,1,20,1_20
22,2,1,20,1_20
168,1,1,20,1_20
156,0,1,20,1_20
86,1,1,20,1_20
10,1,1,20,1_20
113,1,1,20,1_20
163,1,1,21,1_21
61,1,1,21,1_21
59,0,1,21,1_21
120,1,1,21,1_21
32,2,1,21,1_21
44,2,1,21,1_21
122,1,1,21,1_21
83,1,1,21,1_21
213,1,1,21,1_21
185,1,1,21,1_21
105,1,1,21,1_21
194,2,1,21,1_21
152,1,1,21,1_21
178,1,1,21,1_21
161,1,1,21,1_21
119,1,1,21,1_21
52,1,1,22,1_22
163,2,1,22,1_22
106,0,1,22,1_22
151,2,1,22,1_22
205,2,1,22,1_22
36,2,1,22,1_22
37,2,1,22,1_22
82,0,1,22,1_22
135,1,1,22,1_22
71,1,1,22,1_22
45,1,1,22,1_22
113,1,1,22,1_22
143,1,1,22,1_22
183,2,1,22,1_22
107,2,1,22,1_22
104,2,1,22,1_22
103,2,1,22,1_22
101,2,1,22,1_22
97,2,1,22,1_22
155,2,1,22,1_22
95,2,1,22,1_22
79,1,1,22,1_22
48,1,1,22,1_22
199,1,1,22,1_22
10,2,1,22,1_22
153,2,1,22,1_22
181,1,1,22,1_22
192,1,1,22,1_22
51,1,1,22,1_22
154,2,1,22,1_22
80,1,1,22,1_22
148,1,1,23,1_23
162,2,1,23,1_23
125,2,1,23,1_23
4,0,1,23,1_23
100,2,1,23,1_23
203,2,1,23,1_23
23,1,1,23,1_23
21,1,1,23,1_23
7,2,1,23,1_23
193,2,1,23,1_23
105,2,1,23,1_23
82,2,2,0,2_0
157,2,2,0,2_0
161,2,2,0,2_0
19,1,2,0,2_0
13,0,2,0,2_0
97,1,2,0,2_0
20,1,2,0,2_0
11,1,2,0,2_0
12,1,2,0,2_0
61,1,2,0,2_0
42,1,2,0,2_0
164,2,2,0,2_0
167,2,2,0,2_0
128,2,2,0,2_0
130,2,2,0,2_0
173,2,2,0,2_0
54,0,2,0,2_0
48,1,2,0,2_0
103,2,2,1,2_1
69,2,2,2,2_2
33,1,2,2,2_2
9,2,2,2,2_2
7,2,2,2,2_2
63,1,2,2,2_2
28,2,2,3,2_3
35,2,2,3,2_3
20,2,2,3,2_3
24,2,2,3,2_3
10,2,2,4,2_4
2,2,2,4,2_4
10,1,2,4,2_4
51,1,2,5,2_5
13,1,2,6,2_6
2,1,2,6,2_6
2,1,2,6,2_6
113,2,2,7,2_7
8,2,2,7,2_7
79,2,2,7,2_7
82,2,2,7,2_7
42,1,2,7,2_7
5,2,2,7,2_7
119,2,2,7,2_7
72,2,2,7,2_7
19,2,2,7,2_7
104,2,2,7,2_7
155,1,2,7,2_7
42,2,2,7,2_7
8,2,2,8,2_8
128,1,2,8,2_8
162,1,2,8,2_8
80,1,2,8,2_8
114,2,2,8,2_8
125,1,2,8,2_8
125,1,2,8,2_8
0,2,2,8,2_8
192,2,2,8,2_8
163,1,2,8,2_8
48,1,2,8,2_8
176,2,2,8,2_8
60,1,2,8,2_8
112,1,2,8,2_8
43,0,2,8,2_8
113,2,2,8,2_8
119,1,2,8,2_8
45,2,2,8,2_8
122,1,2,8,2_8
77,1,2,8,2_8
49,2,2,8,2_8
47,1,2,8,2_8
88,2,2,8,2_8
69,1,2,8,2_8
184,1,2,8,2_8
1,1,2,8,2_8
41,1,2,9,2_9
94,1,2,9,2_9
40,1,2,9,2_9
32,1,2,9,2_9
119,1,2,9,2_9
44,1,2,9,2_9
70,1,2,9,2_9
50,1,2,9,2_9
26,1,2,9,2_9
5,1,2,9,2_9
65,1,2,9,2_9
81,1,2,9,2_9
22,1,2,9,2_9
21,1,2,9,2_9
82,1,2,9,2_9
115,1,2,9,2_9
113,2,2,9,2_9
29,1,2,9,2_9
79,1,2,9,2_9
11,1,2,9,2_9
8,1,2,9,2_9
7,1,2,9,2_9
15,1,2,9,2_9
33,1,2,9,2_9
23,1,2,9,2_9
48,1,2,9,2_9
193,2,2,9,2_9
60,1,2,9,2_9
8,2,2,10,2_10
33,2,2,10,2_10
158,2,2,10,2_10
165,1,2,10,2_10
78,1,2,10,2_10
148,2,2,10,2_10
3,0,2,10,2_10
79,1,2,10,2_10
84,2,2,10,2_10
123,1,2,11,2_11
19,1,2,11,2_11
35,1,2,11,2_11
203,1,2,12,2_12
152,0,2,12,2_12
86,1,2,12,2_12
130,2,2,12,2_12
131,2,2,12,2_12
52,1,2,12,2_12
62,2,2,12,2_12
66,2,2,12,2_12
43,2,2,12,2_12
16,2,2,12,2_12
17,0,2,12,2_12
45,1,2,12,2_12
151,2,2,12,2_12
173,2,2,12,2_12
228,1,2,12,2_12
198,1,2,12,2_12
165,0,2,12,2_12
83,1,2,12,2_12
67,1,2,12,2_12
151,1,2,12,2_12
81,1,2,12,2_12
130,2,2,12,2_12
163,1,2,12,2_12
5,0,2,13,2_13
161,1,2,13,2_13
33,1,2,13,2_13
120,1,2,13,2_13
39,1,2,13,2_13
160,1,2,13,2_13
15,1,2,13,2_13
84,2,2,13,2_13
150,1,2,13,2_13
62,1,2,13,2_13
81,1,2,13,2_13
4,1,2,13,2_13
82,2,2,13,2_13
52,1,2,13,2_13
143,1,2,13,2_13
108,1,2,13,2_13
23,1,2,13,2_13
47,1,2,13,2_13
176,1,2,13,2_13
20,2,2,13,2_13
11,2,2,13,2_13
168,1,2,13,2_13
27,1,2,13,2_13
148,2,2,13,2_13
113,1,2,13,2_13
62,2,2,14,2_14
67,0,2,14,2_14
29,1,2,14,2_14
72,2,2,14,2_14
151,2,2,14,2_14
170,1,2,14,2_14
72,2,2,14,2_14
207,2,2,14,2_14
35,2,2,14,2_14
30,0,2,14,2_14
48,0,2,14,2_14
7,1,2,14,2_14
3,1,2,14,2_14
65,1,2,14,2_14
94,1,2,14,2_14
129,2,2,14,2_14
48,1,2,14,2_14
120,2,2,14,2_14
71,2,2,14,2_14
114,0,2,14,2_14
54,2,2,14,2_14
51,1,2,15,2_15
118,2,2,15,2_15
104,1,2,15,2_15
21,2,2,15,2_15
189,2,2,15,2_15
180,1,2,15,2_15
103,1,2,15,2_15
58,1,2,15,2_15
206,1,2,15,2_15
27,2,2,15,2_15
33,2,2,15,2_15
39,1,2,15,2_15
113,1,2,15,2_15
24,2,2,15,2_15
99,1,2,16,2_16
13,1,2,16,2_16
119,2,2,16,2_16
46,2,2,16,2_16
47,2,2,16,2_16
61,1,2,16,2_16
124,2,2,16,2_16
150,2,2,16,2_16
41,2,2,16,2_16
100,2,2,16,2_16
60,1,2,16,2_16
271,1,2,16,2_16
131,0,2,16,2_16
197,1,2,16,2_16
9,1,2,16,2_16
153,1,2,16,2_16
127,1,2,17,2_17
44,1,2,17,2_17
80,1,2,17,2_17
63,2,2,17,2_17
203,2,2,17,2_17
36,1,2,17,2_17
103,1,2,17,2_17
170,2,2,17,2_17
47,1,2,17,2_17
154,1,2,17,2_17
67,1,2,17,2_17
153,2,2,17,2_17
151,2,2,17,2_17
76,2,2,17,2_17
113,2,2,17,2_17
115,1,2,17,2_17
72,1,2,17,2_17
42,1,2,17,2_17
30,1,2,17,2_17
65,1,2,17,2_17
16,1,2,17,2_17
47,1,2,17,2_17
79,1,2,17,2_17
13,2,2,17,2_17
55,1,2,17,2_17
120,2,2,17,2_17
78,1,2,17,2_17
180,1,2,17,2_17
182,1,2,17,2_17
47,1,2,17,2_17
176,1,2,17,2_17
166,1,2,17,2_17
162,1,2,18,2_18
128,1,2,18,2_18
156,1,2,18,2_18
61,2,2,18,2_18
99,1,2,18,2_18
60,1,2,18,2_18
178,1,2,18,2_18
157,2,2,18,2_18
97,1,2,18,2_18
35,1,2,18,2_18
25,1,2,18,2_18
166,1,2,18,2_18
112,2,2,18,2_18
15,1,2,18,2_18
256,1,2,18,2_18
43,1,2,18,2_18
130,1,2,18,2_18
100,1,2,18,2_18
104,1,2,18,2_18
123,1,2,18,2_18
162,1,2,18,2_18
125,1,2,18,2_18
186,1,2,18,2_18
27,1,2,18,2_18
9,1,2,18,2_18
83,1,2,18,2_18
182,1,2,18,2_18
101,1,2,18,2_18
206,1,2,18,2_18
85,1,2,18,2_18
97,1,2,18,2_18
149,2,2,18,2_18
209,1,2,18,2_18
197,2,2,18,2_18
60,1,2,18,2_18
193,1,2,18,2_18
202,1,2,18,2_18
51,1,2,18,2_18
165,1,2,18,2_18
84,1,2,18,2_18
88,1,2,18,2_18
84,1,2,18,2_18
59,2,2,18,2_18
94,1,2,18,2_18
125,1,2,18,2_18
178,1,2,18,2_18
23,1,2,18,2_18
162,2,2,18,2_18
181,1,2,18,2_18
114,1,2,18,2_18
144,1,2,18,2_18
187,1,2,18,2_18
157,1,2,18,2_18
97,1,2,18,2_18
78,1,2,18,2_18
13,2,2,18,2_18
15,1,2,18,2_18
21,1,2,18,2_18
206,2,2,19,2_19
54,1,2,19,2_19
115,1,2,19,2_19
101,1,2,19,2_19
162,1,2,19,2_19
84,1,2,19,2_19
127,1,2,19,2_19
173,1,2,19,2_19
17,1,2,19,2_19
128,1,2,19,2_19
54,1,2,19,2_19
129,1,2,19,2_19
34,2,2,19,2_19
40,1,2,19,2_19
77,1,2,19,2_19
82,1,2,19,2_19
112,2,2,19,2_19
210,1,2,19,2_19
79,1,2,19,2_19
65,1,2,19,2_19
80,2,2,19,2_19
194,0,2,19,2_19
84,2,2,19,2_19
129,1,2,19,2_19
103,1,2,19,2_19
169,1,2,19,2_19
78,1,2,19,2_19
13,2,2,19,2_19
0,2,2,19,2_19
27,1,2,19,2_19
151,1,2,19,2_19
135,1,2,19,2_19
0,1,2,19,2_19
1,1,2,19,2_19
85,1,2,19,2_19
42,2,2,19,2_19
43,2,2,19,2_19
38,1,2,19,2_19
144,1,2,20,2_20
108,1,2,20,2_20
125,1,2,20,2_20
180,2,2,20,2_20
134,2,2,20,2_20
4,1,2,20,2_20
9,1,2,20,2_20
152,2,2,20,2_20
133,2,2,20,2_20
9,1,2,20,2_20
42,0,2,20,2_20
61,1,2,20,2_20
51,1,2,20,2_20
7,1,2,20,2_20
25,1,2,20,2_20
25,1,2,20,2_20
105,1,2,20,2_20
21,2,2,20,2_20
104,1,2,20,2_20
166,1,2,20,2_20
170,2,2,20,2_20
97,1,2,20,2_20
180,1,2,20,2_20
77,2,2,20,2_20
44,0,2,20,2_20
6,1,2,20,2_20
52,2,2,20,2_20
134,1,2,20,2_20
173,2,2,20,2_20
13,2,2,20,2_20
212,1,2,20,2_20
123,1,2,20,2_20
7,1,2,20,2_20
167,1,2,21,2_21
100,1,2,21,2_21
125,2,2,21,2_21
189,1,2,21,2_21
197,1,2,21,2_21
170,2,2,21,2_21
55,1,2,21,2_21
103,1,2,21,2_21
23,2,2,21,2_21
82,2,2,21,2_21
54,2,2,21,2_21
94,1,2,21,2_21
87,2,2,21,2_21
80,1,2,21,2_21
187,2,2,21,2_21
43,1,2,21,2_21
167,2,2,21,2_21
100,2,2,21,2_21
24,1,2,21,2_21
95,1,2,21,2_21
47,1,2,22,2_22
164,1,2,22,2_22
189,1,2,22,2_22
213,2,2,22,2_22
220,2,2,22,2_22
115,2,2,22,2_22
46,1,2,22,2_22
32,2,2,22,2_22
66,2,2,22,2_22
87,2,2,22,2_22
169,1,2,22,2_22
106,1,2,22,2_22
173,0,2,22,2_22
217,2,2,22,2_22
61,1,2,22,2_22
84,1,2,22,2_22
150,1,2,22,2_22
4,1,2,22,2_22
147,2,2,22,2_22
22,1,2,23,2_23
164,2,2,23,2_23
151,1,2,23,2_23
19,1,2,23,2_23
112,1,2,23,2_23
115,1,2,23,2_23
34,1,2,23,2_23
103,2,2,23,2_23
41,2,2,23,2_23
153,2,2,23,2_23
47,2,2,23,2_23
55,1,3,0,3_0
115,2,3,0,3_0
18,1,3,0,3_0
42,1,3,0,3_0
9,1,3,0,3_0
20,2,3,0,3_0
2,1,3,0,3_0
15,2,3,0,3_0
47,1,3,0,3_0
128,2,3,0,3_0
97,2,3,0,3_0
25,2,3,0,3_0
39,1,3,0,3_0
10,1,3,1,3_1
2,2,3,2,3_2
3,1,3,2,3_2
29,2,3,2,3_2
23,2,3,2,3_2
27,1,3,3,3_3
33,1,3,5,3_5
23,1,3,5,3_5
12,1,3,6,3_6
63,1,3,6,3_6
85,2,3,6,3_6
21,1,3,6,3_6
122,2,3,7,3_7
32,1,3,7,3_7
13,2,3,7,3_7
101,2,3,7,3_7
63,1,3,8,3_8
148,1,3,8,3_8
24,2,3,8,3_8
160,1,3,8,3_8
159,1,3,8,3_8
49,1,3,8,3_8
147,1,3,8,3_8
87,1,3,8,3_8
157,2,3,8,3_8
162,1,3,8,3_8
166,1,3,8,3_8
108,2,3,8,3_8
5,1,3,8,3_8
143,2,3,8,3_8
76,1,3,8,3_8
148,1,3,8,3_8
151,1,3,8,3_8
33,2,3,8,3_8
112,1,3,8,3_8
99,1,3,8,3_8
32,1,3,8,3_8
125,1,3,8,3_8
120,2,3,8,3_8
13,2,3,8,3_8
38,1,3,8,3_8
147,1,3,8,3_8
29,2,3,8,3_8
156,1,3,8,3_8
4,2,3,8,3_8
4,2,3,8,3_8
11,2,3,9,3_9
59,1,3,9,3_9
2,1,3,9,3_9
115,1,3,9,3_9
118,1,3,9,3_9
4,2,3,9,3_9
35,1,3,9,3_9
125,2,3,9,3_9
58,1,3,9,3_9
43,1,3,9,3_9
97,1,3,9,3_9
78,1,3,9,3_9
85,1,3,9,3_9
49,2,3,9,3_9
77,1,3,9,3_9
52,1,3,9,3_9
100,1,3,9,3_9
50,1,3,9,3_9
188,2,3,9,3_9
84,2,3,9,3_9
35,2,3,9,3_9
34,1,3,9,3_9
108,1,3,9,3_9
13,1,3,9,3_9
3,0,3,9,3_9
161,1,3,9,3_9
23,1,3,9,3_9
23,1,3,9,3_9
149,1,3,9,3_9
25,1,3,9,3_9
119,2,3,9,3_9
104,1,3,9,3_9
25,1,3,9,3_9
31,1,3,9,3_9
87,1,3,9,3_9
3,1,3,9,3_9
13,1,3,10,3_10
124,2,3,10,3_10
15,1,3,10,3_10
161,2,3,10,3_10
9,1,3,10,3_10
36,2,3,10,3_10
7,1,3,10,3_10
284,1,3,10,3_10
107,1,3,10,3_10
12,2,3,10,3_10
41,1,3,10,3_10
29,1,3,10,3_10
242,1,3,10,3_10
103,2,3,11,3_11
97,0,3,11,3_11
95,0,3,11,3_11
118,1,3,11,3_11
101,2,3,11,3_11
186,1,3,12,3_12
180,1,3,12,3_12
155,2,3,12,3_12
62,1,3,12,3_12
125,1,3,12,3_12
182,1,3,12,3_12
96,1,3,12,3_12
103,1,3,12,3_12
4,0,3,12,3_12
163,1,3,12,3_12
154,1,3,12,3_12
163,1,3,12,3_12
178,1,3,12,3_12
60,1,3,12,3_12
154,2,3,12,3_12
67,1,3,12,3_12
148,1,3,12,3_12
85,2,3,12,3_12
4,2,3,12,3_12
114,1,3,12,3_12
131,2,3,12,3_12
43,2,3,12,3_12
55,2,3,12,3_12
122,1,3,12,3_12
37,1,3,13,3_13
9,1,3,13,3_13
87,2,3,13,3_13
6,2,3,13,3_13
32,2,3,13,3_13
222,1,3,13,3_13
59,1,3,13,3_13
212,1,3,13,3_13
135,1,3,13,3_13
39,2,3,13,3_13
200,1,3,13,3_13
65,1,3,13,3_13
168,0,3,13,3_13
66,1,3,13,3_13
21,1,3,13,3_13
178,2,3,13,3_13
5,2,3,13,3_13
215,1,3,13,3_13
28,1,3,13,3_13
0,1,3,13,3_13
80,1,3,13,3_13
115,0,3,13,3_13
13,1,3,13,3_13
31,1,3,13,3_13
183,1,3,13,3_13
181,0,3,13,3_13
30,1,3,13,3_13
50,1,3,13,3_13
25,1,3,13,3_13
4,2,3,13,3_13
18,1,3,14,3_14
65,1,3,14,3_14
209,2,3,14,3_14
15,1,3,14,3_14
46,1,3,14,3_14
61,1,3,14,3_14
37,1,3,14,3_14
34,2,3,14,3_14
40,2,3,14,3_14
11,1,3,14,3_14
160,1,3,14,3_14
247,2,3,14,3_14
134,2,3,14,3_14
214,1,3,14,3_14
12,1,3,14,3_14
17,1,3,15,3_15
106,1,3,15,3_15
22,2,3,15,3_15
82,1,3,15,3_15
169,1,3,15,3_15
168,1,3,15,3_15
129,2,3,15,3_15
9,2,3,15,3_15
84,2,3,15,3_15
80,1,3,15,3_15
7,2,3,15,3_15
23,2,3,15,3_15
50,1,3,16,3_16
106,1,3,16,3_16
63,1,3,16,3_16
147,2,3,16,3_16
36,1,3,16,3_16
71,1,3,16,3_16
12,1,3,16,3_16
132,2,3,16,3_16
51,2,3,16,3_16
183,2,3,16,3_16
184,1,3,16,3_16
201,2,3,16,3_16
133,2,3,16,3_16
178,1,3,16,3_16
97,0,3,16,3_16
133,1,3,16,3_16
37,1,3,16,3_16
187,1,3,16,3_16
43,1,3,16,3_16
88,2,3,16,3_16
104,1,3,16,3_16
95,1,3,17,3_17
39,1,3,17,3_17
44,1,3,17,3_17
4,1,3,17,3_17
9,2,3,17,3_17
29,1,3,17,3_17
39,1,3,17,3_17
80,1,3,17,3_17
70,2,3,17,3_17
133,1,3,17,3_17
29,1,3,17,3_17
46,2,3,17,3_17
17,0,3,17,3_17
184,1,3,17,3_17
143,1,3,17,3_17
128,2,3,17,3_17
17,1,3,17,3_17
1,1,3,17,3_17
77,1,3,17,3_17
25,1,3,17,3_17
132,1,3,17,3_17
112,1,3,17,3_17
27,1,3,17,3_17
9,1,3,17,3_17
49,1,3,17,3_17
129,1,3,17,3_17
107,1,3,17,3_17
156,0,3,17,3_17
42,1,3,17,3_17
160,0,3,17,3_17
86,1,3,17,3_17
51,1,3,17,3_17
178,2,3,17,3_17
10,1,3,17,3_17
176,2,3,18,3_18
195,1,3,18,3_18
13,2,3,18,3_18
60,1,3,18,3_18
123,1,3,18,3_18
31,1,3,18,3_18
101,1,3,18,3_18
107,1,3,18,3_18
153,1,3,18,3_18
157,2,3,18,3_18
176,1,3,18,3_18
238,2,3,18,3_18
153,1,3,18,3_18
106,1,3,18,3_18
184,2,3,18,3_18
101,1,3,18,3_18
148,1,3,18,3_18
94,1,3,18,3_18
198,1,3,18,3_18
1,1,3,18,3_18
148,1,3,18,3_18
27,1,3,18,3_18
76,1,3,18,3_18
19,0,3,18,3_18
63,1,3,18,3_18
152,1,3,18,3_18
2,1,3,18,3_18
45,1,3,18,3_18
120,1,3,18,3_18
17,2,3,18,3_18
35,1,3,18,3_18
59,1,3,18,3_18
46,1,3,18,3_18
128,1,3,18,3_18
71,1,3,18,3_18
59,1,3,18,3_18
47,2,3,18,3_18
3,1,3,18,3_18
119,2,3,18,3_18
210,1,3,18,3_18
217,2,3,18,3_18
240,1,3,18,3_18
112,1,3,18,3_18
149,1,3,18,3_18
83,2,3,18,3_18
107,1,3,18,3_18
159,1,3,18,3_18
82,0,3,18,3_18
72,1,3,18,3_18
42,2,3,18,3_18
150,1,3,18,3_18
61,1,3,18,3_18
191,1,3,18,3_18
52,1,3,18,3_18
38,1,3,18,3_18
101,1,3,18,3_18
69,1,3,18,3_18
50,1,3,18,3_18
201,1,3,19,3_19
192,1,3,19,3_19
19,1,3,19,3_19
70,1,3,19,3_19
31,1,3,19,3_19
3,1,3,19,3_19
46,1,3,19,3_19
96,1,3,19,3_19
88,1,3,19,3_19
159,2,3,19,3_19
76,1,3,19,3_19
71,1,3,19,3_19
77,1,3,19,3_19
39,1,3,19,3_19
45,1,3,19,3_19
8,1,3,19,3_19
124,1,3,19,3_19
63,1,3,19,3_19
94,1,3,19,3_19
124,1,3,19,3_19
106,1,3,19,3_19
166,1,3,19,3_19
82,0,3,19,3_19
132,1,3,19,3_19
8,1,3,19,3_19
144,1,3,19,3_19
158,1,3,19,3_19
60,1,3,19,3_19
147,2,3,19,3_19
35,1,3,19,3_19
94,1,3,19,3_19
78,1,3,19,3_19
124,1,3,19,3_19
54,2,3,19,3_19
97,1,3,19,3_19
84,1,3,19,3_19
82,1,3,19,3_19
79,1,3,19,3_19
161,2,3,19,3_19
178,1,3,19,3_19
12,1,3,19,3_19
104,1,3,19,3_19
107,1,3,19,3_19
77,2,3,19,3_19
55,1,3,20,3_20
186,1,3,20,3_20
154,1,3,20,3_20
178,1,3,20,3_20
202,1,3,20,3_20
173,2,3,20,3_20
29,1,3,20,3_20
35,2,3,20,3_20
17,2,3,20,3_20
35,1,3,20,3_20
63,1,3,20,3_20
19,1,3,20,3_20
38,1,3,20,3_20
179,2,3,20,3_20
9,1,3,20,3_20
104,1,3,20,3_20
61,1,3,20,3_20
4,1,3,20,3_20
16,1,3,20,3_20
9,2,3,20,3_20
17,1,3,20,3_20
82,2,3,20,3_20
3,1,3,20,3_20
67,2,3,20,3_20
55,1,3,20,3_20
100,2,3,21,3_21
119,2,3,21,3_21
134,1,3,21,3_21
9,1,3,21,3_21
85,1,3,21,3_21
40,1,3,21,3_21
18,2,3,21,3_21
108,2,3,21,3_21
0,1,3,21,3_21
77,1,3,21,3_21
192,1,3,21,3_21
127,2,3,21,3_21
88,2,3,21,3_21
83,1,3,21,3_21
120,1,3,21,3_21
115,2,3,21,3_21
65,1,3,21,3_21
85,1,3,21,3_21
55,2,3,21,3_21
34,1,3,21,3_21
82,1,3,21,3_21
51,1,3,21,3_21
132,1,3,21,3_21
167,1,3,21,3_21
180,2,3,21,3_21
4,1,3,21,3_21
7,1,3,22,3_22
119,2,3,22,3_22
222,2,3,22,3_22
67,2,3,22,3_22
8,2,3,22,3_22
155,0,3,22,3_22
187,1,3,22,3_22
19,2,3,22,3_22
82,2,3,22,3_22
4,2,3,22,3_22
125,2,3,22,3_22
178,2,3,22,3_22
192,2,3,22,3_22
33,2,3,22,3_22
95,2,3,22,3_22
67,2,3,22,3_22
238,1,3,22,3_22
118,2,3,22,3_22
82,2,3,22,3_22
164,0,3,23,3_23
61,1,3,23,3_23
185,2,3,23,3_23
9,1,3,23,3_23
72,2,3,23,3_23
125,2,3,23,3_23
132,2,3,23,3_23
166,2,3,23,3_23
192,2,3,23,3_23
20,2,4,0,4_0
3,2,4,0,4_0
97,2,4,0,4_0
51,1,4,0,4_0
33,1,4,0,4_0
67,1,4,0,4_0
33,1,4,0,4_0
79,0,4,0,4_0
106,2,4,0,4_0
34,2,4,0,4_0
27,2,4,0,4_0
124,1,4,0,4_0
95,2,4,1,4_1
3,1,4,1,4_1
78,1,4,1,4_1
61,1,4,1,4_1
96,2,4,1,4_1
7,0,4,2,4_2
11,2,4,2,4_2
27,2,4,3,4_3
63,2,4,5,4_5
0,1,4,5,4_5
18,2,4,5,4_5
33,2,4,6,4_6
33,2,4,6,4_6
58,2,4,7,4_7
33,1,4,7,4_7
47,1,4,7,4_7
106,2,4,7,4_7
11,1,4,7,4_7
62,2,4,7,4_7
198,1,4,8,4_8
143,1,4,8,4_8
69,1,4,8,4_8
88,1,4,8,4_8
123,2,4,8,4_8
161,1,4,8,4_8
150,1,4,8,4_8
144,2,4,8,4_8
163,1,4,8,4_8
130,1,4,8,4_8
105,1,4,8,4_8
26,2,4,8,4_8
123,2,4,8,4_8
47,2,4,8,4_8
78,1,4,8,4_8
118,0,4,8,4_8
123,1,4,8,4_8
154,1,4,8,4_8
146,1,4,8,4_8
6,1,4,8,4_8
12,1,4,8,4_8
94,1,4,9,4_9
157,1,4,9,4_9
23,1,4,9,4_9
7,2,4,9,4_9
43,1,4,9,4_9
67,1,4,9,4_9
6,1,4,9,4_9
18,1,4,9,4_9
69,1,4,9,4_9
99,1,4,9,4_9
122,1,4,9,4_9
40,1,4,9,4_9
35,1,4,9,4_9
167,1,4,9,4_9
33,2,4,9,4_9
155,1,4,9,4_9
101,1,4,9,4_9
61,1,4,9,4_9
120,1,4,9,4_9
47,1,4,9,4_9
8,1,4,9,4_9
125,2,4,9,4_9
96,2,4,10,4_10
166,1,4,10,4_10
128,0,4,10,4_10
48,1,4,10,4_10
3,1,4,10,4_10
55,2,4,10,4_10
101,2,4,10,4_10
8,2,4,10,4_10
217,2,4,10,4_10
65,2,4,10,4_10
88,2,4,10,4_10
35,1,4,10,4_10
162,2,4,10,4_10
147,1,4,11,4_11
120,1,4,11,4_11
107,2,4,11,4_11
13,1,4,11,4_11
25,1,4,11,4_11
106,2,4,11,4_11
24,2,4,11,4_11
96,2,4,11,4_11
124,2,4,11,4_11
85,1,4,11,4_11
128,2,4,12,4_12
170,1,4,12,4_12
181,1,4,12,4_12
150,1,4,12,4_12
124,1,4,12,4_12
205,2,4,12,4_12
39,1,4,12,4_12
66,1,4,12,4_12
228,1,4,12,4_12
81,1,4,12,4_12
127,1,4,12,4_12
26,0,4,12,4_12
193,2,4,12,4_12
153,1,4,12,4_12
71,2,4,12,4_12
184,1,4,12,4_12
205,1,4,12,4_12
52,1,4,12,4_12
176,0,4,12,4_12
114,2,4,12,4_12
158,1,4,12,4_12
202,2,4,12,4_12
202,1,4,12,4_12
156,1,4,12,4_12
106,1,4,13,4_13
200,1,4,13,4_13
30,1,4,13,4_13
10,2,4,13,4_13
45,2,4,13,4_13
46,2,4,13,4_13
213,1,4,13,4_13
44,2,4,13,4_13
40,1,4,13,4_13
33,1,4,13,4_13
8,1,4,13,4_13
13,1,4,13,4_13
20,1,4,13,4_13
77,1,4,13,4_13
84,2,4,13,4_13
51,1,4,13,4_13
60,1,4,13,4_13
0,1,4,13,4_13
147,1,4,13,4_13
60,1,4,13,4_13
190,2,4,13,4_13
7,1,4,13,4_13
65,1,4,13,4_13
159,1,4,13,4_13
99,2,4,13,4_13
101,0,4,14,4_14
22,2,4,14,4_14
135,0,4,14,4_14
130,1,4,14,4_14
13,2,4,14,4_14
27,1,4,14,4_14
183,1,4,14,4_14
164,1,4,14,4_14
147,1,4,14,4_14
27,2,4,14,4_14
76,2,4,14,4_14
106,1,4,14,4_14
4,1,4,14,4_14
99,2,4,14,4_14
176,1,4,14,4_14
39,1,4,14,4_14
192,1,4,14,4_14
20,1,4,14,4_14
34,2,4,14,4_14
55,2,4,14,4_14
11,1,4,14,4_14
15,2,4,14,4_14
154,2,4,15,4_15
12,2,4,15,4_15
133,0,4,15,4_15
35,1,4,15,4_15
37,1,4,15,4_15
125,1,4,15,4_15
184,2,4,15,4_15
81,2,4,15,4_15
161,2,4,15,4_15
160,1,4,15,4_15
105,2,4,15,4_15
209,1,4,15,4_15
88,2,4,15,4_15
127,2,4,15,4_15
33,1,4,15,4_15
158,1,4,15,4_15
166,1,4,15,4_15
45,1,4,15,4_15
135,2,4,15,4_15
77,2,4,15,4_15
20,2,4,16,4_16
292,1,4,16,4_16
133,1,4,16,4_16
103,1,4,16,4_16
82,1,4,16,4_16
76,1,4,16,4_16
219,1,4,16,4_16
209,1,4,16,4_16
66,1,4,16,4_16
3,0,4,16,4_16
275,2,4,16,4_16
31,2,4,16,4_16
206,1,4,16,4_16
85,1,4,16,4_16
153,1,4,16,4_16
6,1,4,16,4_16
112,1,4,16,4_16
66,1,4,16,4_16
34,1,4,16,4_16
1,1,4,16,4_16
58,2,4,16,4_16
131,2,4,16,4_16
153,1,4,16,4_16
69,1,4,16,4_16
69,1,4,16,4_16
133,1,4,16,4_16
62,1,4,16,4_16
104,0,4,16,4_16
52,1,4,16,4_16
107,1,4,16,4_16
156,1,4,17,4_17
0,1,4,17,4_17
163,1,4,17,4_17
168,2,4,17,4_17
24,1,4,17,4_17
5,2,4,17,4_17
34,2,4,17,4_17
99,1,4,17,4_17
169,1,4,17,4_17
166,1,4,17,4_17
130,2,4,17,4_17
0,1,4,17,4_17
61,1,4,17,4_17
32,1,4,17,4_17
17,1,4,17,4_17
0,1,4,17,4_17
164,1,4,17,4_17
208,1,4,17,4_17
146,2,4,17,4_17
169,2,4,17,4_17
119,1,4,17,4_17
13,1,4,17,4_17
88,1,4,17,4_17
95,1,4,17,4_17
19,1,4,17,4_17
154,1,4,17,4_17
208,0,4,17,4_17
9,1,4,17,4_17
193,1,4,18,4_18
26,1,4,18,4_18
159,1,4,18,4_18
205,1,4,18,4_18
156,2,4,18,4_18
112,1,4,18,4_18
108,0,4,18,4_18
70,1,4,18,4_18
104,1,4,18,4_18
13,1,4,18,4_18
66,2,4,18,4_18
124,1,4,18,4_18
143,1,4,18,4_18
18,1,4,18,4_18
128,1,4,18,4_18
173,1,4,18,4_18
201,1,4,18,4_18
166,1,4,18,4_18
40,2,4,18,4_18
65,1,4,18,4_18
43,1,4,18,4_18
170,1,4,18,4_18
124,1,4,18,4_18
108,1,4,18,4_18
95,1,4,18,4_18
157,1,4,18,4_18
168,1,4,18,4_18
105,1,4,18,4_18
130,1,4,18,4_18
168,1,4,18,4_18
31,0,4,18,4_18
212,2,4,18,4_18
100,1,4,18,4_18
87,0,4,18,4_18
157,1,4,18,4_18
96,1,4,18,4_18
70,2,4,18,4_18
164,1,4,18,4_18
7,1,4,18,4_18
151,1,4,18,4_18
212,1,4,18,4_18
144,1,4,18,4_18
152,1,4,19,4_19
158,1,4,19,4_19
83,1,4,19,4_19
30,1,4,19,4_19
36,1,4,19,4_19
86,2,4,19,4_19
43,1,4,19,4_19
163,2,4,19,4_19
105,1,4,19,4_19
106,1,4,19,4_19
84,0,4,19,4_19
42,1,4,19,4_19
47,1,4,19,4_19
22,1,4,19,4_19
70,1,4,19,4_19
50,1,4,19,4_19
143,1,4,19,4_19
13,1,4,19,4_19
72,1,4,19,4_19
115,2,4,19,4_19
228,1,4,19,4_19
292,1,4,19,4_19
3,1,4,19,4_19
61,1,4,19,4_19
78,1,4,19,4_19
130,1,4,19,4_19
151,1,4,19,4_19
81,2,4,19,4_19
2,1,4,19,4_19
6,1,4,19,4_19
5,1,4,19,4_19
105,1,4,19,4_19
185,1,4,19,4_19
214,0,4,19,4_19
55,1,4,19,4_19
47,1,4,19,4_19
79,1,4,19,4_19
155,1,4,19,4_19
156,1,4,19,4_19
165,1,4,19,4_19
259,1,4,19,4_19
123,1,4,19,4_19
24,1,4,19,4_19
40,2,4,19,4_19
76,1,4,19,4_19
107,1,4,19,4_19
1,1,4,19,4_19
59,1,4,19,4_19
41,1,4,20,4_20
5,1,4,20,4_20
99,1,4,20,4_20
33,1,4,20,4_20
60,1,4,20,4_20
12,2,4,20,4_20
199,2,4,20,4_20
5,1,4,20,4_20
173,2,4,20,4_20
165,2,4,20,4_20
162,1,4,20,4_20
6,1,4,20,4_20
96,1,4,20,4_20
155,1,4,20,4_20
0,0,4,20,4_20
77,1,4,20,4_20
21,1,4,20,4_20
22,1,4,20,4_20
248,1,4,20,4_20
212,1,4,20,4_20
18,1,4,20,4_20
106,1,4,20,4_20
17,2,4,20,4_20
148,1,4,20,4_20
122,1,4,20,4_20
34,2,4,20,4_20
107,2,4,20,4_20
47,1,4,21,4_21
19,1,4,21,4_21
151,1,4,21,4_21
133,2,4,21,4_21
1,1,4,21,4_21
58,1,4,21,4_21
149,2,4,21,4_21
130,1,4,21,4_21
181,1,4,21,4_21
31,2,4,21,4_21
80,2,4,21,4_21
37,1,4,21,4_21
113,2,4,21,4_21
17,2,4,21,4_21
168,1,4,21,4_21
27,1,4,21,4_21
34,2,4,21,4_21
134,1,4,21,4_21
188,2,4,21,4_21
26,1,4,21,4_21
132,1,4,22,4_22
25,2,4,22,4_22
30,2,4,22,4_22
66,1,4,22,4_22
20,2,4,22,4_22
192,2,4,22,4_22
84,2,4,22,4_22
374,2,4,22,4_22
20,2,4,22,4_22
72,2,4,22,4_22
198,1,4,22,4_22
21,1,4,23,4_23
173,1,4,23,4_23
162,1,4,23,4_23
8,1,4,23,4_23
13,2,4,23,4_23
7,2,4,23,4_23
168,2,4,23,4_23
169,1,4,23,4_23
215,1,4,23,4_23
12,1,4,23,4_23
190,2,4,23,4_23
134,2,4,23,4_23
212,2,4,23,4_23
202,1,4,23,4_23
17,2,4,23,4_23
244,1,4,23,4_23
114,2,5,0,5_0
18,1,5,0,5_0
3,1,5,0,5_0
8,1,5,0,5_0
40,1,5,0,5_0
43,2,5,0,5_0
38,1,5,0,5_0
43,1,5,0,5_0
176,1,5,0,5_0
44,2,5,0,5_0
21,2,5,0,5_0
160,2,5,0,5_0
48,0,5,0,5_0
1,2,5,0,5_0
46,2,5,0,5_0
15,2,5,0,5_0
160,1,5,0,5_0
16,2,5,1,5_1
32,1,5,1,5_1
123,2,5,1,5_1
70,1,5,2,5_2
22,0,5,2,5_2
33,2,5,4,5_4
36,1,5,5,5_5
61,1,5,5,5_5
34,2,5,5,5_5
34,2,5,6,5_6
36,1,5,6,5_6
25,2,5,7,5_7
30,2,5,7,5_7
50,0,5,7,5_7
194,1,5,7,5_7
67,1,5,7,5_7
28,2,5,7,5_7
7,1,5,8,5_8
85,1,5,8,5_8
41,2,5,8,5_8
10,1,5,8,5_8
49,2,5,8,5_8
97,1,5,8,5_8
22,2,5,8,5_8
18,2,5,8,5_8
59,1,5,8,5_8
11,2,5,8,5_8
11,1,5,9,5_9
32,1,5,9,5_9
78,2,5,9,5_9
52,2,5,9,5_9
20,1,5,9,5_9
36,1,5,9,5_9
48,2,5,9,5_9
101,1,5,9,5_9
131,1,5,9,5_9
21,2,5,9,5_9
44,0,5,9,5_9
189,1,5,9,5_9
18,2,5,9,5_9
17,1,5,9,5_9
27,1,5,10,5_10
20,1,5,10,5_10
127,1,5,10,5_10
127,1,5,10,5_10
42,2,5,10,5_10
131,1,5,10,5_10
96,1,5,10,5_10
38,0,5,10,5_10
50,1,5,10,5_10
55,2,5,10,5_10
88,1,5,10,5_10
155,2,5,10,5_10
82,1,5,10,5_10
99,1,5,10,5_10
78,1,5,10,5_10
81,1,5,10,5_10
59,2,5,10,5_10
119,1,5,11,5_11
39,1,5,11,5_11
151,2,5,11,5_11
38,1,5,11,5_11
38,2,5,11,5_11
155,1,5,11,5_11
262,1,5,11,5_11
69,1,5,11,5_11
83,1,5,11,5_11
28,1,5,11,5_11
101,1,5,11,5_11
224,0,5,11,5_11
43,1,5,11,5_11
33,1,5,11,5_11
72,1,5,11,5_11
178,2,5,11,5_11
21,2,5,11,5_11
183,1,5,11,5_11
10,1,5,11,5_11
65,1,5,11,5_11
81,2,5,11,5_11
226,1,5,11,5_11
107,2,5,11,5_11
42,1,5,12,5_12
179,1,5,12,5_12
115,1,5,12,5_12
114,2,5,12,5_12
38,1,5,12,5_12
9,1,5,12,5_12
8,1,5,12,5_12
35,1,5,12,5_12
97,1,5,12,5_12
202,1,5,12,5_12
97,1,5,12,5_12
27,2,5,12,5_12
181,2,5,12,5_12
42,1,5,12,5_12
160,0,5,12,5_12
84,1,5,12,5_12
62,2,5,12,5_12
1,1,5,12,5_12
167,2,5,12,5_12
170,2,5,12,5_12
100,1,5,12,5_12
66,2,5,12,5_12
29,1,5,12,5_12
188,1,5,12,5_12
186,1,5,12,5_12
114,1,5,12,5_12
129,0,5,13,5_13
193,1,5,13,5_13
103,0,5,13,5_13
69,1,5,13,5_13
100,1,5,13,5_13
50,1,5,13,5_13
160,1,5,13,5_13
8,1,5,13,5_13
113,1,5,13,5_13
9,1,5,13,5_13
67,1,5,13,5_13
87,1,5,13,5_13
112,1,5,13,5_13
201,1,5,13,5_13
38,1,5,13,5_13
42,1,5,13,5_13
43,2,5,13,5_13
1,1,5,13,5_13
106,1,5,13,5_13
108,1,5,13,5_13
33,1,5,13,5_13
105,2,5,13,5_13
120,2,5,13,5_13
24,2,5,13,5_13
47,1,5,14,5_14
29,0,5,14,5_14
48,1,5,14,5_14
4,0,5,14,5_14
63,2,5,14,5_14
69,1,5,14,5_14
118,1,5,14,5_14
222,1,5,14,5_14
20,1,5,14,5_14
130,2,5,14,5_14
37,1,5,14,5_14
85,2,5,14,5_14
79,1,5,14,5_14
81,2,5,14,5_14
49,1,5,14,5_14
50,1,5,14,5_14
114,2,5,14,5_14
244,1,5,14,5_14
1,2,5,14,5_14
16,1,5,14,5_14
255,1,5,15,5_15
20,1,5,15,5_15
149,2,5,15,5_15
20,1,5,15,5_15
41,1,5,15,5_15
147,1,5,15,5_15
40,1,5,15,5_15
43,1,5,15,5_15
82,1,5,15,5_15
181,1,5,15,5_15
59,1,5,15,5_15
48,1,5,15,5_15
179,1,5,15,5_15
35,0,5,15,5_15
148,2,5,15,5_15
176,1,5,15,5_15
51,1,5,15,5_15
80,2,5,15,5_15
100,2,5,15,5_15
151,2,5,15,5_15
58,1,5,15,5_15
26,1,5,15,5_15
4,1,5,15,5_15
132,2,5,15,5_15
20,2,5,15,5_15
70,1,5,15,5_15
198,1,5,15,5_15
125,1,5,15,5_15
0,2,5,15,5_15
3,1,5,15,5_15
214,1,5,15,5_15
34,1,5,15,5_15
86,2,5,15,5_15
30,0,5,15,5_15
82,1,5,15,5_15
13,1,5,16,5_16
125,2,5,16,5_16
58,1,5,16,5_16
96,1,5,16,5_16
82,2,5,16,5_16
88,1,5,16,5_16
81,1,5,16,5_16
51,1,5,16,5_16
80,1,5,16,5_16
3,1,5,16,5_16
32,1,5,16,5_16
87,2,5,16,5_16
120,1,5,16,5_16
22,1,5,16,5_16
12,1,5,16,5_16
120,2,5,16,5_16
132,2,5,16,5_16
108,1,5,16,5_16
45,1,5,16,5_16
94,0,5,16,5_16
47,1,5,16,5_16
114,1,5,16,5_16
82,1,5,16,5_16
45,1,5,16,5_16
18,1,5,16,5_16
52,1,5,16,5_16
18,1,5,16,5_16
156,1,5,16,5_16
157,0,5,16,5_16
159,0,5,16,5_16
160,0,5,16,5_16
162,0,5,16,5_16
164,1,5,16,5_16
164,0,5,16,5_16
167,0,5,16,5_16
168,0,5,16,5_16
128,2,5,16,5_16
169,0,5,16,5_16
26,1,5,16,5_16
4,1,5,16,5_16
163,0,5,16,5_16
220,1,5,16,5_16
211,1,5,16,5_16
124,1,5,16,5_16
82,1,5,16,5_16
101,1,5,16,5_16
147,1,5,16,5_16
97,2,5,16,5_16
6,1,5,16,5_16
10,1,5,16,5_16
153,1,5,16,5_16
54,1,5,16,5_16
227,2,5,16,5_16
157,1,5,16,5_16
9,1,5,16,5_16
59,1,5,17,5_17
202,1,5,17,5_17
189,2,5,17,5_17
71,0,5,17,5_17
20,1,5,17,5_17
58,1,5,17,5_17
222,1,5,17,5_17
114,1,5,17,5_17
79,1,5,17,5_17
190,2,5,17,5_17
131,1,5,17,5_17
215,1,5,17,5_17
158,1,5,17,5_17
183,1,5,17,5_17
12,1,5,17,5_17
19,2,5,17,5_17
195,2,5,17,5_17
224,1,5,17,5_17
197,0,5,17,5_17
182,1,5,17,5_17
151,1,5,17,5_17
210,1,5,17,5_17
158,1,5,17,5_17
114,1,5,17,5_17
97,1,5,17,5_17
207,1,5,17,5_17
105,1,5,17,5_17
165,1,5,17,5_17
21,0,5,17,5_17
18,0,5,17,5_17
16,0,5,17,5_17
15,0,5,17,5_17
12,0,5,17,5_17
21,2,5,17,5_17
81,1,5,17,5_17
34,1,5,17,5_17
163,1,5,17,5_17
198,1,5,17,5_17
49,1,5,17,5_17
70,2,5,17,5_17
123,2,5,17,5_17
8,1,5,17,5_17
192,2,5,17,5_17
108,1,5,18,5_18
94,2,5,18,5_18
95,2,5,18,5_18
195,1,5,18,5_18
34,1,5,18,5_18
183,1,5,18,5_18
27,1,5,18,5_18
76,1,5,18,5_18
219,1,5,18,5_18
30,2,5,18,5_18
45,1,5,18,5_18
208,2,5,18,5_18
166,1,5,18,5_18
81,2,5,18,5_18
8,1,5,18,5_18
160,1,5,18,5_18
29,1,5,18,5_18
9,1,5,18,5_18
104,1,5,18,5_18
101,1,5,18,5_18
13,1,5,18,5_18
176,1,5,18,5_18
119,1,5,18,5_18
146,2,5,18,5_18
81,1,5,18,5_18
106,2,5,18,5_18
148,1,5,18,5_18
60,1,5,18,5_18
17,2,5,18,5_18
176,1,5,18,5_18
165,0,5,18,5_18
34,1,5,18,5_18
158,2,5,18,5_18
186,1,5,18,5_18
164,1,5,18,5_18
78,2,5,18,5_18
0,1,5,19,5_19
161,1,5,19,5_19
119,2,5,19,5_19
151,1,5,19,5_19
195,2,5,19,5_19
182,1,5,19,5_19
95,1,5,19,5_19
143,1,5,19,5_19
148,2,5,19,5_19
226,1,5,19,5_19
7,2,5,19,5_19
58,1,5,19,5_19
193,1,5,19,5_19
46,1,5,19,5_19
37,1,5,19,5_19
47,1,5,19,5_19
48,1,5,19,5_19
88,1,5,19,5_19
45,1,5,19,5_19
194,1,5,19,5_19
104,1,5,20,5_20
156,1,5,20,5_20
79,1,5,20,5_20
130,1,5,20,5_20
147,0,5,20,5_20
8,1,5,20,5_20
108,0,5,20,5_20
134,1,5,20,5_20
24,2,5,20,5_20
48,1,5,20,5_20
184,1,5,20,5_20
144,1,5,20,5_20
22,2,5,20,5_20
15,1,5,20,5_20
46,2,5,20,5_20
212,1,5,20,5_20
107,2,5,20,5_20
164,2,5,20,5_20
158,1,5,20,5_20
260,1,5,20,5_20
27,1,5,20,5_20
25,2,5,20,5_20
6,1,5,21,5_21
3,1,5,21,5_21
78,2,5,21,5_21
124,1,5,21,5_21
211,1,5,21,5_21
86,1,5,21,5_21
42,1,5,21,5_21
84,1,5,21,5_21
183,2,5,21,5_21
58,1,5,21,5_21
253,1,5,21,5_21
70,1,5,21,5_21
42,2,5,21,5_21
5,2,5,21,5_21
38,2,5,21,5_21
184,1,5,21,5_21
173,2,5,21,5_21
160,2,5,22,5_22
221,2,5,22,5_22
105,1,5,22,5_22
97,2,5,22,5_22
128,1,5,22,5_22
31,1,5,22,5_22
100,1,5,22,5_22
39,2,5,22,5_22
131,2,5,22,5_22
33,1,5,22,5_22
181,2,5,22,5_22
113,2,5,22,5_22
158,2,5,22,5_22
101,1,5,22,5_22
208,1,5,22,5_22
49,2,5,22,5_22
147,2,5,23,5_23
164,1,5,23,5_23
4,2,5,23,5_23
37,2,5,23,5_23
185,1,5,23,5_23
159,0,5,23,5_23
114,1,5,23,5_23
87,2,5,23,5_23
16,2,5,23,5_23
87,2,5,23,5_23
161,2,5,23,5_23
264,1,5,23,5_23
58,2,5,23,5_23
84,1,6,0,6_0
119,2,6,0,6_0
19,2,6,0,6_0
23,0,6,0,6_0
189,2,6,0,6_0
11,1,6,0,6_0
47,2,6,0,6_0
103,1,6,0,6_0
23,1,6,0,6_0
77,2,6,0,6_0
12,2,6,0,6_0
50,1,6,0,6_0
18,1,6,0,6_0
35,1,6,0,6_0
19,1,6,0,6_0
10,1,6,0,6_0
97,2,6,0,6_0
123,1,6,0,6_0
149,0,6,0,6_0
10,2,6,0,6_0
186,2,6,0,6_0
178,2,6,0,6_0
59,1,6,0,6_0
34,2,6,1,6_1
72,2,6,1,6_1
30,2,6,1,6_1
47,0,6,1,6_1
130,1,6,1,6_1
12,2,6,1,6_1
55,2,6,1,6_1
13,2,6,2,6_2
27,0,6,2,6_2
27,1,6,2,6_2
11,2,6,3,6_3
30,2,6,6,6_6
12,1,6,6,6_6
71,1,6,7,6_7
37,1,6,7,6_7
31,2,6,8,6_8
12,1,6,8,6_8
59,1,6,8,6_8
114,1,6,8,6_8
50,2,6,8,6_8
36,0,6,8,6_8
100,2,6,8,6_8
65,1,6,8,6_8
81,2,6,8,6_8
7,1,6,8,6_8
99,2,6,8,6_8
128,1,6,8,6_8
35,1,6,8,6_8
38,1,6,9,6_9
2,2,6,9,6_9
151,1,6,9,6_9
12,2,6,9,6_9
101,2,6,9,6_9
129,2,6,9,6_9
131,2,6,9,6_9
132,2,6,9,6_9
133,2,6,9,6_9
158,1,6,10,6_10
66,1,6,10,6_10
104,1,6,10,6_10
81,0,6,10,6_10
47,2,6,10,6_10
166,1,6,10,6_10
78,1,6,10,6_10
65,1,6,10,6_10
205,2,6,10,6_10
83,1,6,10,6_10
11,1,6,10,6_10
169,1,6,10,6_10
173,1,6,10,6_10
10,2,6,10,6_10
25,2,6,10,6_10
38,2,6,10,6_10
5,2,6,10,6_10
112,2,6,10,6_10
11,1,6,11,6_11
55,2,6,11,6_11
118,2,6,11,6_11
163,2,6,11,6_11
135,1,6,11,6_11
71,0,6,11,6_11
19,2,6,11,6_11
150,1,6,11,6_11
10,1,6,11,6_11
38,2,6,11,6_11
97,1,6,11,6_11
16,1,6,11,6_11
33,1,6,11,6_11
34,2,6,11,6_11
149,1,6,11,6_11
39,2,6,11,6_11
78,1,6,11,6_11
164,2,6,12,6_12
119,2,6,12,6_12
87,1,6,12,6_12
76,2,6,12,6_12
84,1,6,12,6_12
226,0,6,12,6_12
187,2,6,12,6_12
150,1,6,12,6_12
118,2,6,12,6_12
153,1,6,12,6_12
82,1,6,12,6_12
87,1,6,12,6_12
58,2,6,12,6_12
150,2,6,12,6_12
97,2,6,12,6_12
36,1,6,12,6_12
114,1,6,13,6_13
1,2,6,13,6_13
40,1,6,13,6_13
69,1,6,13,6_13
113,1,6,13,6_13
31,2,6,13,6_13
55,2,6,13,6_13
144,1,6,13,6_13
166,1,6,13,6_13
184,1,6,13,6_13
104,2,6,13,6_13
45,2,6,13,6_13
170,1,6,13,6_13
120,1,6,13,6_13
85,2,6,13,6_13
66,2,6,13,6_13
176,1,6,13,6_13
114,1,6,13,6_13
197,1,6,13,6_13
112,1,6,13,6_13
131,1,6,13,6_13
157,1,6,13,6_13
148,1,6,13,6_13
151,1,6,13,6_13
24,1,6,13,6_13
163,1,6,13,6_13
132,2,6,13,6_13
153,1,6,13,6_13
176,1,6,13,6_13
51,2,6,13,6_13
6,1,6,14,6_14
118,1,6,14,6_14
106,1,6,14,6_14
27,1,6,14,6_14
18,1,6,14,6_14
60,1,6,14,6_14
157,1,6,14,6_14
26,1,6,14,6_14
18,1,6,14,6_14
128,1,6,14,6_14
227,2,6,14,6_14
42,1,6,14,6_14
185,1,6,14,6_14
161,1,6,14,6_14
88,1,6,14,6_14
33,1,6,14,6_14
240,2,6,14,6_14
258,2,6,14,6_14
7,1,6,14,6_14
55,1,6,14,6_14
37,1,6,14,6_14
66,2,6,14,6_14
104,1,6,14,6_14
60,2,6,14,6_14
79,1,6,14,6_14
159,1,6,14,6_14
36,1,6,14,6_14
84,2,6,14,6_14
125,1,6,14,6_14
32,1,6,14,6_14
49,1,6,14,6_14
65,1,6,14,6_14
114,1,6,15,6_15
178,2,6,15,6_15
128,1,6,15,6_15
201,1,6,15,6_15
16,2,6,15,6_15
29,2,6,15,6_15
59,1,6,15,6_15
221,1,6,15,6_15
212,2,6,15,6_15
77,1,6,15,6_15
43,2,6,15,6_15
180,1,6,15,6_15
144,1,6,15,6_15
301,2,6,15,6_15
203,1,6,15,6_15
161,2,6,15,6_15
147,1,6,15,6_15
5,1,6,16,6_16
12,1,6,16,6_16
36,2,6,16,6_16
77,2,6,16,6_16
44,2,6,16,6_16
43,2,6,16,6_16
16,1,6,16,6_16
42,2,6,16,6_16
31,2,6,16,6_16
41,2,6,16,6_16
163,2,6,16,6_16
188,1,6,16,6_16
106,1,6,16,6_16
112,1,6,16,6_16
26,1,6,16,6_16
150,2,6,16,6_16
157,2,6,16,6_16
182,1,6,16,6_16
124,0,6,16,6_16
80,0,6,16,6_16
162,2,6,16,6_16
155,2,6,16,6_16
144,1,6,16,6_16
129,2,6,16,6_16
47,2,6,16,6_16
235,2,6,16,6_16
114,1,6,16,6_16
50,2,6,16,6_16
46,2,6,16,6_16
27,2,6,16,6_16
66,1,6,16,6_16
106,2,6,16,6_16
180,1,6,16,6_16
71,1,6,16,6_16
166,1,6,16,6_16
45,2,6,16,6_16
37,2,6,16,6_16
32,1,6,16,6_16
19,0,6,16,6_16
12,0,6,16,6_16
190,1,6,16,6_16
198,2,6,17,6_17
33,2,6,17,6_17
26,1,6,17,6_17
49,2,6,17,6_17
173,2,6,17,6_17
49,2,6,17,6_17
180,2,6,17,6_17
115,2,6,17,6_17
108,0,6,17,6_17
85,2,6,17,6_17
65,2,6,17,6_17
104,2,6,17,6_17
85,1,6,17,6_17
80,1,6,17,6_17
251,2,6,17,6_17
32,2,6,17,6_17
15,2,6,17,6_17
35,0,6,17,6_17
37,2,6,17,6_17
127,2,6,17,6_17
107,1,6,17,6_17
163,2,6,17,6_17
21,2,6,17,6_17
158,1,6,17,6_17
41,0,6,17,6_17
82,1,6,17,6_17
112,2,6,17,6_17
31,0,6,17,6_17
115,0,6,17,6_17
69,2,6,18,6_18
84,1,6,18,6_18
124,1,6,18,6_18
3,1,6,18,6_18
125,1,6,18,6_18
52,2,6,18,6_18
47,1,6,18,6_18
9,1,6,18,6_18
59,1,6,18,6_18
58,2,6,18,6_18
159,2,6,18,6_18
9,1,6,18,6_18
124,1,6,18,6_18
163,1,6,18,6_18
151,2,6,18,6_18
97,2,6,18,6_18
85,1,6,18,6_18
34,1,6,18,6_18
72,1,6,18,6_18
163,1,6,18,6_18
25,2,6,18,6_18
159,0,6,18,6_18
164,1,6,18,6_18
167,1,6,18,6_18
66,1,6,18,6_18
39,2,6,18,6_18
94,1,6,18,6_18
35,2,6,18,6_18
95,2,6,18,6_18
78,1,6,18,6_18
11,0,6,18,6_18
107,1,6,18,6_18
153,2,6,18,6_18
0,0,6,18,6_18
10,2,6,19,6_19
234,1,6,19,6_19
179,1,6,19,6_19
25,2,6,19,6_19
161,1,6,19,6_19
211,1,6,19,6_19
42,2,6,19,6_19
189,2,6,19,6_19
77,1,6,19,6_19
128,1,6,19,6_19
252,1,6,19,6_19
106,1,6,19,6_19
43,2,6,19,6_19
30,0,6,19,6_19
15,1,6,19,6_19
76,2,6,19,6_19
119,1,6,19,6_19
114,2,6,19,6_19
35,1,6,19,6_19
7,2,6,19,6_19
113,2,6,19,6_19
31,0,6,19,6_19
183,2,6,19,6_19
191,1,6,19,6_19
94,2,6,19,6_19
44,1,6,19,6_19
103,2,6,19,6_19
12,0,6,19,6_19
99,2,6,20,6_20
13,1,6,20,6_20
198,2,6,20,6_20
233,2,6,20,6_20
183,1,6,20,6_20
227,2,6,20,6_20
44,1,6,20,6_20
88,2,6,20,6_20
128,1,6,20,6_20
81,1,6,20,6_20
120,0,6,20,6_20
99,2,6,20,6_20
50,2,6,20,6_20
197,2,6,20,6_20
8,2,6,20,6_20
45,1,6,20,6_20
130,1,6,20,6_20
29,1,6,20,6_20
190,1,6,20,6_20
178,0,6,20,6_20
31,1,6,20,6_20
154,2,6,20,6_20
41,2,6,20,6_20
12,1,6,20,6_20
42,1,6,20,6_20
189,1,6,20,6_20
12,1,6,20,6_20
125,1,6,20,6_20
48,1,6,20,6_20
61,1,6,20,6_20
149,1,6,20,6_20
115,1,6,20,6_20
83,2,6,20,6_20
32,1,6,20,6_20
233,2,6,21,6_21
36,2,6,21,6_21
168,1,6,21,6_21
97,1,6,21,6_21
34,2,6,21,6_21
38,2,6,21,6_21
218,1,6,21,6_21
215,2,6,21,6_21
86,2,6,21,6_21
21,2,6,21,6_21
156,1,6,21,6_21
112,1,6,21,6_21
55,0,6,21,6_21
220,1,6,21,6_21
0,1,6,21,6_21
128,1,6,21,6_21
38,2,6,21,6_21
32,2,6,21,6_21
48,1,6,21,6_21
65,1,6,21,6_21
124,1,6,21,6_21
20,1,6,21,6_21
61,0,6,21,6_21
191,2,6,21,6_21
182,1,6,21,6_21
48,1,6,21,6_21
67,2,6,21,6_21
219,2,6,22,6_22
82,1,6,22,6_22
176,1,6,22,6_22
28,1,6,22,6_22
123,2,6,22,6_22
94,2,6,22,6_22
78,2,6,22,6_22
97,2,6,22,6_22
58,1,6,22,6_22
207,1,6,22,6_22
60,2,6,22,6_22
188,1,6,22,6_22
192,2,6,22,6_22
212,1,6,22,6_22
62,2,6,22,6_22
178,2,6,22,6_22
88,1,6,22,6_22
101,1,6,22,6_22
135,1,6,22,6_22
178,2,6,22,6_22
18,1,6,22,6_22
234,1,6,22,6_22
100,0,6,22,6_22
155,2,6,22,6_22
182,1,6,22,6_22
105,2,6,22,6_22
101,2,6,22,6_22
67,2,6,22,6_22
71,1,6,22,6_22
84,1,6,22,6_22
29,2,6,22,6_22
51,2,6,22,6_22
206,1,6,22,6_22
217,1,6,22,6_22
10,2,6,22,6_22
97,2,6,22,6_22
214,2,6,22,6_22
8,1,6,22,6_22
232,1,6,22,6_22
82,2,6,22,6_22
184,0,6,22,6_22
71,2,6,22,6_22
86,2,6,22,6_22
27,2,6,23,6_23
226,1,6,23,6_23
40,1,6,23,6_23
9,1,6,23,6_23
10,1,6,23,6_23
96,2,6,23,6_23
11,1,6,23,6_23
30,1,6,23,6_23
26,1,6,23,6_23
161,1,6,23,6_23
81,2,6,23,6_23
83,1,6,23,6_23
45,1,6,23,6_23
18,1,6,23,6_23
12,0,6,23,6_23
153,1,6,23,6_23
46,0,6,23,6_23
179,2,6,23,6_23
97,0,6,23,6_23
49,2,6,23,6_23
27,1,6,23,6_23
